InstrumentTicker,InstrumentLongName,bicsSector,bicsIndustry,bicsSubIndustry,Momentum.PriceMovement,Size.marketCap,Quality.DebttoAssetRatio,Quality.ProfitMarginRatio,Quality.ROA,Quality.ROE,Quality.earningsPerShare,Yield.GrossDividendYield,Value.priceEarningsRatio,Value.priceToBookRatio,Value.priceToSalesRatio,Volatility.Beta (5Y Monthly),Volatility.Annualized Return,Volatility.Annualized Sharpe (Rf=0%),Volatility.Annualized Std Dev
ECL,ECOLAB INC COM,Materials,Chemicals,Specialty Chemicals,0.17760000000000012,60754962282.479996,,0.003106071641395749,,,6.18007,0.8949823837,33.9899058682,6.8860420188,4.2544072404,1,0.1078,0.422,0.2554
ISRG,INTUITIVE SURGICAL I COM NEW,Health Care,Medical Equipment & Devices,Medical Equipment,0.2428000000000002,79031087540.40001,,0.009365450064546414,0.006730274357654697,0.007756889943420333,8.940013,,75.5401605221,9.0399418797,17.984168587,0.93,0.2427,0.8006,0.3032
SCHW,SCHWAB CHARLES CORP COM,Financials,Asset Management,Wealth Management,-0.5977999999999999,44982207529.619995,0.00000529912609238452,0.010343423635649784,0.0016754057428214732,0.021785714285714287,2.472589,2.0606755255,14.130936693,1.460446566,4.0802704191,1.25,-0.0461,-0.1313,0.3508
RHI,ROBERT HALF INTL INC COM,Consumer Discretionary,Commercial Services,Professional Services,-0.16719999999999988,6042976220.66,0.000008998246627371467,0.0037607166122602914,0.039588857256957356,0.039588857256957356,3.19,2.5791769663,16.5297804208,5.2242974171,1.0527293042,1.59,-0.0305,-0.0942,0.324
GOOGL,ALPHABET INC CL A,Communications,Media,Internet Media,0.11860000000000001,1030849911094.74,0.000022480367808692664,0.00040352778250200437,0.025003383284016634,0.03356591164642859,48.653348,,30.9990991974,5.0651990995,6.2470186631,1.06,0.14,0.5327,0.2629
GOOG,ALPHABET INC CL C,Communications,Media,Internet Media,0.12299999999999997,1030849911094.74,0.000022480367808692664,0.00040352778250200437,0.025003383284016634,0.03356591164642859,,,30.9990991974,5.0651990995,6.2470186631,1.06,0.1515,0.5731,0.2643
ICE,INTERCONTINENTAL EXCHANGE INC,Financials,Institutional Financial Svcs,Security & Cmdty Exchanges,0.05080000000000017,52708405028.159996,0.00004454899532760743,0.026743681847338035,0.004679591939582868,0.038096354471925914,3.834814,1.2458472256,25.1172546295,3.1160847649,9.7744170734,0.54,0.1561,0.6395,0.2441
FB,FACEBOOK INC,Communications,Media,Internet Media,0.1166,657831686570.78,0.00005648004278353123,0.0015581609065794667,0.03542649832696158,0.04655093823596444,8.232174,,28.0254045546,6.2462416351,8.9734537136,1.2,0.1327,0.4121,0.3219
ETFC,E TRADE FINANCIAL CO COM NEW,Financials,Asset Management,Wealth Management,0.34439999999999993,11445968716.61,0.00005928862741754416,0.036084531886024424,0.0027852382373420867,0.02873900293255132,3.678267,1.0819165425,14.0745629553,1.8702563428,,1.26,0.0583,0.1481,0.3933
MSFT,MICROSOFT CORP COM,Technology,Software,Infrastructure Software,0.5996000000000001,1524042300000,0.00007820159237465609,0.0007744169536981042,0.0371775341756524,0.09468826075196105,5.796067,1.0134127977,34.7304479144,12.8824242892,10.7091542166,0.93,0.3384,1.225,0.2762
IBKR,INTERACTIVE BROKERS COM,Financials,Institutional Financial Svcs,Institutional Brokerage,0.20659999999999995,20513619688.86,0.00009144524504257727,0.009286882453151618,0.00038111117727624604,0.003876908165737824,2.02,0.8100445645,24.4455450832,2.5061673977,1.5132740776,0.63,-0.0039,-0.0118,0.3301
FRC,FIRST REP BK SAN FRANCISCO CAL,Financials,Banking,Banks,-0.01870000000000003,19667243380.199997,0.00010438187270195485,0.025991332036580706,0.0020012488008254964,0.024278531396961095,5.3,0.6967427381,21.6641508858,2.0952161895,4.4913169978,1.17,0.1251,0.4092,0.3056
MNST,MONSTER BEVERAGE CORP,Consumer Staples,Consumer Products,Beverages,0.2998,39429081768.95999,0.0001272560446109052,0.024718363765268144,0.0571207971652958,0.07203277958411199,2.076038,,36.0687026217,10.1912304829,9.3775642991,1.05,0.0358,0.1214,0.2946
ADP,AUTOMATIC DATA PROCE COM,Technology,Technology Services,Payment & Data Processors,-0.14729999999999993,62502087501.68001,0.00013091643347455477,0.005010178368496467,0.018921983984657727,0.14950734878977168,5.854672,2.5025782777,24.8399897852,11.3839420934,4.2689190498,0.82,0.1115,0.4229,0.2636
DIS,THE WALT DISNEY CO,Communications,Media,Entertainment Content,-0.20530000000000007,212435031644.22998,0.00013994105499917593,0.00014183463823643733,0.0022298273338051517,0.004424225520086945,3.49271,,33.672993352,2.316893726,2.7137389043,1.11,-0.0236,-0.0885,0.2667
RJF,RAYMOND JAMES FINANC COM,Financials,Asset Management,Wealth Management,-0.20470000000000002,9882640813.920002,0.00015465879660302354,0.003739040451552211,0.0033929611114457228,0.02472929470295581,6.883992,2.0521353565,10.4764797441,1.4511778061,1.2111903274,1.37,-0.001,-0.0028,0.3405
CMCSA,COMCAST CORP NEW CL A,Communications,Media,Cable & Satellite,-0.019700000000000013,197856232741.95367,0.00015790809424550626,0.00030323198917659436,0.008181509863920952,0.025546750434306657,2.718405,2.1222607075,15.9468506253,2.4274707783,1.8231893908,0.98,0.0541,0.2122,0.2548
AMZN,AMAZON COM INC COM,Consumer Discretionary,Retail - Discretionary,E-Commerce Discretionary,1.0966000000000002,1500772190445.1199,0.00015966696498793153,0.0000445289720617081,0.011458248582973991,0.03883748008334355,20.93,,143.7606264744,23.0029116029,5.0334855687,1.32,0.3742,1.2476,0.2999
BA,BOEING CO COM,Industrials,Aerospace & Defense,Aircraft & Parts,-0.6189,98057171773.43999,0.00019016180325004368,-0.000219671161580317,-0.004389306307880482,0.06709401709401709,-8.564053,,,,1.3918938758,1.47,-0.031,-0.0705,0.4397
CRM,SALESFORCE COM INC COM,Technology,Software,Application Software,0.2944000000000002,169829490000.00003,0.00020299684836730508,0.000418273381294964,0.001846222702944632,0.0028641689570374656,-0.329104,,,4.9024306361,8.9030499447,1.08,0.1451,0.4508,0.322
TROW,PRICE T ROWE GROUP I COM,Financials,Asset Management,Investment Management,0.2286,30484723855.51,0.0002313793143373201,0.016038698208669495,0.03972490129560375,0.04633355840648211,8.030328,2.6863666179,16.6830048811,4.7471480771,5.4660235711,1.16,0.1019,0.3483,0.2927
LIN,LINDE PLC,Materials,Chemicals,Basic & Diversified Chemicals,0.2613999999999999,128181980808.33,0.00023707048797544123,0.0012617153880397686,0.006791594068911567,0.012128780983426115,7.551694,1.5782357513,32.3199016438,2.8626426886,4.6826018746,0.73,0.1509,0.6194,0.2436
AMTD,TD AMERITRADE HLDG C COM,Financials,Asset Management,Wealth Management,-0.2909,20430704730.03,0.00024169393683126815,0.022620680958385875,0.010460712578593228,0.059469063545150504,3.57,3.2830288841,10.579832061,2.1353161557,3.4645440149,1.21,-0.0528,-0.1381,0.3824
MU,MICRON TECHNOLOGY IN COM,Technology,Semiconductors,Semiconductor Devices,-0.0987999999999999,55572143569.44,0.00026917988654937024,0.0027154284663479223,0.015440822997788674,0.021177277282557097,2.08491,,23.9914434953,1.4707096909,2.7377547184,,0.071,0.1437,0.4941
MKL,MARKEL CORP COM,Financials,Insurance,P&C Insurance,-0.23720000000000058,13987998755.520002,0.0002765613167511018,-1.2476634511687212,-0.03899612489041587,-0.14217222588725223,20.49788,,49.5387816907,1.4389545756,1.9030009218,0.65,-0.0099,-0.0364,0.273
BMY,BRISTOL MYERS SQUIBB COM,Health Care,Biotech & Pharma,Large Pharma,-0.10740000000000009,130896602326.75,0.0002843616815562517,-0.0006667841573137928,-0.005994508256951696,-0.015507133281309402,3.231134,3.1114951639,17.9039304696,2.6229597994,3.5205637593,0.71,-0.027,-0.0982,0.2744
ACN,ACCENTURE PLC IRELAN SHS CLASS A,Technology,Technology Services,IT Services,0.062400000000000067,141091881550.08002,0.000285774847757183,0.0010166490694235126,0.03503411085143162,0.07451034040104598,7.64,1.4450867267,28.9842935133,8.8018461205,3.1644466913,1.06,0.1544,0.6192,0.2493
REGN,REGENERON PHARMACEUT COM,Health Care,Biotech & Pharma,Biotech,0.48339999999999983,62345932787.340004,0.00028804061557988263,0.018687670933158297,0.03963826749167063,0.05147943624824858,23.489705,,25.9236973151,5.6307334458,8.3474397811,0.57,-0.0426,-0.1197,0.3561
ODFL,OLD DOMINION FGHT LI COM,Industrials,Transportation & Logistics,Trucking,0.7923999999999999,21494874136.32,0.00029062365151998,0.013660716817708564,0.03384433896334066,0.04415611284829921,5.1539714538,0.3292361852,35.3591414166,7.1380309022,5.3180116942,1.06,0.2761,0.921,0.2997
PYPL,PAYPAL HOLDINGS INC,Financials,Specialty Finance,Consumer Finance,0.4668,202613201107.68,0.0002953340950134522,0.0003938934603724556,0.0015479305642575462,0.005246393104740491,2.036767,,84.7225026518,12.6769510325,11.0953755372,1.19,0.2844,0.8567,0.3319
FIS,FIDELITY NATL INFORM COM,Financials,Specialty Finance,Consumer Finance,0.03760000000000004,88782719359.19998,0.00029957562383296554,0.0001583170890188434,0.00018187550015762543,0.00030390826022651295,2.387283,0.9742518971,60.1939514286,1.8003782643,6.4078460024,0.67,0.1549,0.5814,0.2665
ALGN,ALIGN TECHNOLOGY INC COM,Health Care,Medical Equipment & Devices,Medical Equipment,0.0655000000000002,23482388298.119995,0.0003123061748094878,-0.03271059339112269,-0.010085306060299707,-0.014271127521708794,2.673617,,111.5118637593,8.2537840585,10.8777739568,2,0.2319,0.506,0.4582
V,VISA INC COM CL A,Financials,Specialty Finance,Consumer Finance,0.04060000000000004,379273575179.25006,0.0003484798132381214,0.008999299624188589,0.04235100247184839,0.0891716061876536,5.591978,0.6149116309,34.8982048743,13.0600328985,16.1359154407,0.92,0.1797,0.6868,0.2617
CHTR,CHARTER COMMUNICATIO CL A NEW,Communications,Media,Cable & Satellite,0.14679999999999993,133756435546.92,0.0003766458321960806,0.0002874169364457318,0.0027021125607292976,0.01078372637655901,10.23645,,54.8744897599,3.9142474646,2.6100866756,1.03,0.1969,0.6707,0.2936
OXY,OCCIDENTAL PETE CORP COM,Energy,"Oil, Gas & Coal",Exploration & Production,-1.8707999999999996,15370706652.66,0.0003846856153399644,-0.004899235569422777,-0.01980461025353443,-0.06432337434094904,-0.250247,0.2388059648,,0.6996818062,0.6246375639,1.98,-0.3688,-0.6811,0.5414
EOG,EOG RES INC COM,Energy,"Oil, Gas & Coal",Exploration & Production,-1.0856,28543532946.64,0.0003914749193842475,0.00007656783893769317,0.00026074767755739715,0.00045704198866593616,4.057674,3.0587275693,12.0857419585,1.3293994345,1.713072395,1.97,-0.165,-0.3888,0.4243
CNC,CENTENE CORP DEL COM,Health Care,Health Care Facilities & Svcs,Managed Care,0.07050000000000001,39097027009.18001,0.00041401905736779515,0.000006793467819404419,0.0006924478029835468,0.0019415836569306095,3.860694,,17.4864939144,1.6602202835,0.3676125912,0.72,0.0588,0.1523,0.386
FISV,FISERV INC COM,Financials,Specialty Finance,Consumer Finance,-0.13880000000000015,67370203197.03,0.0004168131353480812,0.002759511806845317,0.0053995977850629494,0.011685446849102724,2.627891,,38.2930636215,2.1299694799,4.8892469701,0.83,0.1458,0.5531,0.2636
FTNT,FORTINET INC COM,Technology,Software,Infrastructure Software,0.22110000000000016,21505721761.6,0.0004192813923024141,0.031248743283064657,0.03243715301603144,0.19392131269811683,2.152222,,61.8151813735,40.3361978526,10.0716587197,1,0.1421,0.3682,0.3859
DHR,DANAHER CORP DEL COM,Health Care,Medical Equipment & Devices,Life Science Equipment,0.46700000000000014,138526263600.99,0.00045836443641221074,0.0033044134858609886,0.013011376711137054,0.025564539918230968,3.571431,0.3687202482,54.6755640169,4.003431084,7.0881634517,0.85,0.2965,1.0376,0.2857
ANET,ARISTA NETWORKS INC,Technology,Hardware,Communications Equipment,0.20779999999999993,17927586433.960003,0.00046431711312075236,0.050603695014999166,0.03366639549885757,0.048592297318263734,8.466296,,27.9709093042,6.2888573628,7.7376600039,1.15,0.1084,0.2411,0.4495
COST,COSTCO WHSL CORP NEW COM,Consumer Staples,Retail - Consumer Staples,Mass Merchants,0.2141999999999999,143839594569.58,0.00046749207453800355,0.00006034186658079751,0.016198871104925384,0.04871243387781201,8.58,0.8594757052,37.9696968274,8.5608476611,0.8937789686,0.68,0.1719,0.804,0.2137
CGNX,COGNEX CORP COM,Industrials,Electrical Equipment,Electrical Components,0.13809999999999997,11025803616.880001,0.0005056026889087289,0.07321673094746912,0.010862686245707735,0.015425316743666446,0.724089,0.3425724055,88.6907565516,8.305733868,15.3093383886,1.78,0.1347,0.3203,0.4207
PLD,PROLOGIS INC,Financials,Real Estate,REIT,0.1286000000000001,73791727619.99998,0.0005137603394974566,0.02533717076684432,0.007355294118414018,0.011053466767143244,1.525335,2.3220898141,65.5003678943,2.2886175326,16.8811066183,0.96,0.1914,0.7016,0.2728
LMT,LOCKHEED MARTIN CORP COM,Industrials,Aerospace & Defense,Defense Primes,0.003999999999999947,107961935130.5,0.0005151079571800093,0.0006180456226880394,0.03278027538656936,0.4294770206022187,27.83794,2.4856944102,13.8735118854,28.6234011262,1.7254537145,0.96,0.1331,0.549,0.2425
GPN,GLOBAL PMTS INC COM,Financials,Specialty Finance,Consumer Finance,-0.05380000000000004,51634620616.23,0.000524333199132179,0.003962128558655766,0.003274260347837168,0.005217032740727589,3.382095,0.4517287145,51.0423287586,1.8893341829,6.8545864747,1.14,0.1921,0.582,0.3301
TMUS,T-MOBILE US INC,Communications,Telecom,Telecom Carriers,0.6055999999999998,130098632227.62,0.0005522997730034623,0.0007700440925042742,0.010902712493981153,0.03281913241536391,4.6855972818,,22.3941568159,3.1240485273,1.9979914572,0.3,0.1902,0.6563,0.2898
TMO,THERMO FISHER SCIENT COM,Health Care,Medical Equipment & Devices,Life Science Equipment,0.434,160500229643.52,0.0005618008539931485,0.00241613416220905,0.018768366535158214,0.03869456066945607,9.962127,0.2165460887,40.7924939004,5.3723926342,6.1609811896,1.05,0.2059,0.8312,0.2477
PAYC,PAYCOM SOFTWARE INC,Technology,Software,Application Software,0.26840000000000025,16806706829.720001,0.0006035350528742599,0.10727364998679695,0.027282468692160323,0.10506212194975557,3.36882,,85.184130117,27.5693835327,21.2026632105,1.54,0.4166,0.898,0.4639
HRL,HORMEL FOODS CORP COM,Consumer Staples,Consumer Products,Packaged Food,0.2246,27093108644.91,0.0006145430336761054,0.0038807165428602682,0.02712675283594243,0.0369326207607211,1.70804,1.8500099605,29.4313953173,4.3967410353,2.8037833336,-0.07,0.1089,0.4716,0.2309
IPGP,IPG PHOTONICS CORP COM,Technology,Semiconductors,Semiconductor Devices,0.43320000000000003,9295202570.01,0.0006368338299502936,0.058599674212211426,0.013582529828732443,0.015451647544706338,3.81384,,45.9615488028,3.9543058827,7.4378280231,1.71,0.0448,0.1037,0.4316
VRTX,VERTEX PHARMACEUTICA COM,Health Care,Biotech & Pharma,Biotech,0.3249,72205970689.40999,0.0006738631005866167,0.02625748544492237,0.06777683311104743,0.09328153441827745,5.542479,,50.2464673722,11.1660123213,14.9080488778,0.94,0.1052,0.2739,0.3841
ATVI,ACTIVISION BLIZZARD COM,Technology,Software,Application Software,0.6368000000000003,61631131545.44999,0.000696041624158335,0.015796308724832214,0.02576004896959804,0.03878350357115429,1.958899,0.512564066,40.834161365,4.7323453458,9.5170258024,0.61,0.1923,0.5463,0.352
SWKS,SKYWORKS SOLUTIONS I COM,Technology,Semiconductors,Semiconductor Devices,0.27800000000000064,21983619410.070004,0.0006988210708934627,0.023891286644951142,0.025569750019714534,0.031010902830910483,4.895906,1.5196413646,26.8816436856,5.258232379,6.9208781853,1.25,0.0099,0.025,0.397
AVGO,BROADCOM INC,Technology,Semiconductors,Semiconductor Devices,0.060999999999999915,122984237688.57002,0.0006995855201844312,0.0017075757575757576,0.006903909354000098,0.023487692949520234,6.559704,4.2512835606,46.6164339953,6.0154420424,5.3232995627,0.92,0.1499,0.4051,0.3701
TTWO,TAKE-TWO INTERACTIVE COM,Technology,Software,Application Software,0.46759999999999996,17839133959.28,0.0007237263257269594,0.021216607651658486,0.024798174599582282,0.048330132905699486,3.657856,,42.6534025048,6.9742043714,5.7144674602,0.57,0.2932,0.83,0.3532
UNP,UNION PAC CORP COM,Industrials,Transportation & Logistics,Rail Freight,-0.00689999999999996,119557089456,0.0007443977657147353,0.006284872761545711,0.017811344504759657,0.0688062241672745,8.133297,2.2021681789,21.6541944942,7.2656535399,6.006565665,1.06,0.111,0.3936,0.2821
BDX,BECTON DICKINSON & C COM,Health Care,Medical Equipment & Devices,Medical Equipment,-0.017199999999999875,78788406278.61,0.0007546883175125196,0.0010117093816129792,0.003419538082068914,0.008734666603026109,11.664161,1.1622347588,23.3098646914,3.9994199716,4.2314070489,0.94,0.1089,0.4633,0.235
IAC,IAC INTERACTIVECORP COM PAR $.001,Communications,Media,Internet Media,0.4129999999999999,10708787865.930002,0.0007753549030037313,-0.07012412954376691,-0.05869872296801107,-0.07393527917523841,,,,,,,61.6233,102.6886,0.6001
ALXN,ALEXION PHARMACEUTIC COM,Health Care,Biotech & Pharma,Biotech,-0.06349999999999995,22411775972.189995,0.0007993498085241205,0.026712070874861576,0.03072430228393531,0.04746420606411414,9.546162,,10.6314975446,1.9100970844,4.264507094,1.47,-0.1939,-0.4989,0.3887
PXD,PIONEER NAT RES CO COM,Energy,"Oil, Gas & Coal",Exploration & Production,-0.40389999999999965,16433565271.2,0.000802608786940318,0.006870160897123354,0.015169807359193743,0.02366718532470723,7.50106,2.2068412556,13.2887885586,1.3458065327,1.7459936528,1.78,-0.1506,-0.3209,0.4694
ABBV,ABBVIE INC,Health Care,Biotech & Pharma,Large Pharma,0.13349999999999995,171142199853.3,0.000806107523108806,0.004051838960436246,0.0330047478590774,-0.4059339177343223,8.269766,4.860467295,11.7427748996,,4.2251344257,0.82,0.063,0.2063,0.3055
UBER,UBER TECHNOLOGIES INC,Communications,Media,Internet Based Services,0.04750000000000001,54438945807.8,0.0008202924559654371,-0.02338910527801298,-0.09757394483217016,-0.2383503815554473,-6.823366,,,4.755486116,3.2728235599,,-0.3775,-0.5481,0.6887
ABMD,ABIOMED INC COM,Health Care,Medical Equipment & Devices,Medical Devices,0.5414000000000001,13195231836.3,0.0008258375518511881,0.07445538038691946,0.026139739671276207,0.029844218398334628,4.430091,,66.1250530613,12.3747213704,15.7385384347,0.93,0.1725,0.3698,0.4665
UPS,UNITED PARCEL SERVIC CL B,Industrials,Transportation & Logistics,Courier Services,0.03159999999999989,102038593153.94998,0.0008527038344691683,0.0002966842251178264,0.01584694966746038,0.2912767884092967,7.305959,3.4127386061,16.1991052063,30.8736006932,1.3639017471,0.85,0.038,0.1581,0.2403
LEN,LENNAR CORP CL A,Consumer Discretionary,Home & Office Products,Homebuilders,0.43419999999999964,21130296146.120003,0.000888627308482626,0.0018507678576866057,0.017653470219497234,0.031107899751716857,6.665886,0.7164350193,10.4697261423,1.3172778208,0.966027704,1.59,-0.0041,-0.0109,0.3776
LUV,SOUTHWEST AIRLS CO COM,Consumer Discretionary,Passenger Transportation,Airlines,-0.5296000000000001,18659945879.800003,0.0009014467917743566,-0.090053373015873,-0.025705135408472864,-0.08411472697186984,-0.627843,,,1.7153838748,1.0049553826,1.25,-0.0787,-0.2183,0.3604
VEEV,VEEVA SYSTEMS INC CL A,Technology,Software,Application Software,0.5832999999999998,37829458797.450005,0.0009089589660565769,0.07617870936737998,0.03600154535916084,0.04806677934255617,1.98,,127.2474732062,20.9879590879,31.2841792793,0.94,0.4558,1.2082,0.3773
INCY,INCYTE CORP COM,Health Care,Biotech & Pharma,Biotech,0.4556,21611268796.68,0.0009446589222146894,-0.22297069341274606,-0.2618210434301136,-0.3719018372614014,-1.336344,,,11.1313237325,9.6144163389,1.04,-0.0851,-0.1952,0.4362
TSLA,TESLA INC,Consumer Discretionary,Automotive,Automobiles,2.735199999999999,262869004814,0.0009692093877015864,0.000285453943008615,0.00272715353349941,0.009138037079342765,2.312847,,612.6648239162,26.5551153652,10.0218511959,1.2,0.2448,0.4509,0.5429
EA,ELECTRONIC ARTS INC COM,Technology,Software,Application Software,0.5498000000000002,39045732480.72001,0.0009880399568034557,0.02172819033886085,0.03761699064074874,0.05602466157351561,10.357461,,13.0572546199,5.2203620938,7.1637290664,0.93,0.0873,0.2684,0.3252
AON,AON PLC,Financials,Insurance,Insurance Brokers,-0.033799999999999844,47966501635.11,0.0010055610593752064,0.007450326188257223,0.02549369262268014,0.23680981595092024,8.93473,0.8495438483,23.1870462979,15.1079162439,4.410747998,0.87,0.1329,0.5679,0.234
ADBE,ADOBE INC,Technology,Software,Application Software,0.2653,206404748994.09,0.0010064528074804424,0.011242391304347827,0.05091885386288941,0.10109364948074626,7.567182,,56.865289821,18.9825198813,17.2576279575,0.93,0.3311,1.0514,0.3149
SEIC,SEI INVESTMENTS CO COM,Financials,Institutional Financial Svcs,"Instl Trust, Fiduciary & Custody",-0.2688000000000001,7835955656.349999,0.0010317004285157773,0.0629628150536883,0.04921406310868719,0.059150486502304485,3.10209,1.3215027149,17.0755849188,4.5400200915,4.7850445284,1.31,-0.0151,-0.0509,0.2958
FANG,DIAMONDBACK ENERGY INC,Energy,"Oil, Gas & Coal",Exploration & Production,-1.7262000000000002,6427839285.389999,0.0010413153168562389,-0.028091768292682926,-0.011630890276233643,-0.01899972059234423,6.525737,3.6827890989,6.2414405518,0.5011569634,1.587445283,2.22,-0.2471,-0.4415,0.5598
VMW,VMWARE INC CL A COM,Technology,Software,Infrastructure Software,-0.07480000000000006,59010653388.6,0.001072259334786583,0.005164045354791514,0.013571478798959286,0.05196553581044696,3.611321,,38.9940432668,7.9488988787,5.4465855736,0.95,0.0711,0.1976,0.3596
MMM,3M CO COM,Materials,Chemicals,Specialty Chemicals,-0.15960000000000013,91939387940.64001,0.001093021293170605,0.001981424148606811,0.02795810611962261,0.12655500048976392,9.275424,3.6786787503,17.2326350082,9.0607456228,2.8502560439,0.99,0.0096,0.0394,0.2438
INTU,INTUIT COM,Technology,Software,Application Software,0.1367,75279470431.20001,0.0010998712004121588,0.012028414390406394,0.1396187532199897,0.22869198312236286,5.078839,0.7343771254,56.8397605586,15.8803838418,10.9819882022,1.04,0.1909,0.6444,0.2963
CTSH,COGNIZANT TECHNOLOGY CL A,Technology,Technology Services,IT Services,0.004200000000000207,33407847213.6,0.0011189396982041425,0.0020559526627218936,0.021056859257559242,0.03458023179119947,3.589817,1.4239482123,17.215362019,3.1502684997,2.0191174932,1.15,-0.038,-0.123,0.3093
BSX,BOSTON SCIENTIFIC CO COM,Health Care,Medical Equipment & Devices,Medical Devices,-0.39199999999999996,55147568019.2,0.0011694739638682253,0.00017011403853716084,0.0003653028692879915,0.0007968704723268617,1.045999,,36.9025194805,3.9128804248,4.9884434501,0.92,0.1139,0.3877,0.2938
AJG,GALLAGHER ARTHUR J & COM,Financials,Insurance,Insurance Brokers,0.09830000000000007,19705128000,0.0011722650157176108,0.00993599014408913,0.016619873779185564,0.0683024003471332,3.864033,1.7319349103,26.8967683002,3.9179099429,2.749486906,0.75,0.172,0.7389,0.2327
BIIB,BIOGEN INC,Health Care,Biotech & Pharma,Biotech,-0.09179999999999987,43113507557.43,0.001204360335217429,0.011377308778791829,0.060446538464553654,0.13659958190128618,35.35655,,7.7023913977,3.8120948362,3.2578707795,0.51,-0.0973,-0.2508,0.3881
HD,HOME DEPOT INC COM,Consumer Discretionary,Retail - Discretionary,Home Products Stores,0.1876,285346971313.14996,0.001210133306093263,0.00028110757254069357,0.038221223419650306,-0.6432664756446992,10.06,2.2615054088,26.3727631768,,2.5682178135,1.06,0.1654,0.6373,0.2595
DLR,DIGITAL RLTY TR INC COM,Financials,Real Estate,REIT,0.4051999999999999,40684836610.75001,0.0012478550914587188,0.033046128134652034,0.006765076268448025,0.013011537085180802,0.675845,3.0476190606,217.4907049592,2.5823746507,9.6755328432,0.2,0.1783,0.6529,0.2731
LOW,LOWES COS INC COM,Consumer Discretionary,Retail - Discretionary,Home Products Stores,0.2195999999999999,111008058008.25002,0.001248468319078373,0.00034538246505717916,0.029171757723861057,0.7791375291375291,6.500248,1.4962933059,22.6191368051,64.6897721902,1.5227686641,1.42,0.1292,0.4076,0.3168
SYK,STRYKER CORP COM,Health Care,Medical Equipment & Devices,Medical Devices,-0.1796000000000002,74636502581.91,0.0012578566576086957,0.0038294871794871794,0.016745923913043477,0.037590545177277924,7.216729,1.1567670635,27.5512634368,5.6912529689,4.9764093495,0.85,0.1056,0.3812,0.2771
PAYX,PAYCHEX INC COM,Technology,Technology Services,Payment & Data Processors,-0.2620000000000002,25899583343.579998,0.0012801875869811827,0.026355152442356027,0.02581075233606605,0.07934852951750915,3.054241,3.4353788878,23.6359876124,9.3124947422,6.4046697059,0.94,0.0913,0.3419,0.2671
NFLX,NETFLIX INC COM,Communications,Media,Internet Media,0.8801999999999999,211885869589.35,0.0012813406844187673,0.001905213908396584,0.019372980664221474,0.07715212175405174,6.676787,,71.958265586,22.6986054128,9.325067257,0.96,0.2517,0.6056,0.4157
ADI,ANALOG DEVICES INC COM,Technology,Semiconductors,Semiconductor Devices,-0.0463,41400376029.25,0.0012958728089604308,0.015432326545487677,0.012537903486956875,0.023095442977560426,4.403853,2.2101417156,25.4799601813,3.566683822,7.4642948099,1.35,0.1023,0.3105,0.3293
MGM,MGM RESORTS INTERNAT COM,Consumer Discretionary,"Gaming, Lodging & Restaurants",Casinos & Gaming,-0.7377000000000001,7787907104.039999,0.0013218570407326075,0.01589831752867632,0.02062606302502588,0.060117006539363325,-0.247669,0.0633312209,,0.9526545763,0.6801707487,2.19,-0.137,-0.2744,0.4991
NKE,NIKE INC CL B,Consumer Discretionary,Apparel & Textile Products,"Apparel, Footwear & Acc Design",-0.052399999999999926,153539829878.07,0.001324921830132091,-0.0019822429906542057,-0.025205794142045816,-0.09807572936064556,1.778542,0.9956314326,55.3430845632,19.0383538765,4.1029896096,0.81,0.0808,0.2846,0.2841
MA,MASTERCARD INC CL A,Financials,Specialty Finance,Consumer Finance,0.03189999999999998,308067986073.56,0.001327160010441138,0.010533798952357195,0.055240146175933175,0.3079301564205166,7.826173,0.5210708083,39.2171261008,57.0855304708,18.2581259765,1.07,0.2221,0.7796,0.2849
NVDA,NVIDIA CORP COM,Technology,Semiconductors,Semiconductor Devices,1.1633999999999998,250784699999.99997,0.0014013890083426506,0.009666461038961039,0.03943407585791692,0.07000534391938316,5.39296,0.1569473701,75.613392048,19.1453316474,21.1662117748,1.34,0.6653,1.4161,0.4698
WAB,WABTEC CORP COM,Industrials,Transportation Equipment,Railroad Rolling Stock,-0.2659999999999998,11773157105.009998,0.0014236593849710493,0.002996372869060573,0.0059446761589721465,0.011390428365840963,3.85018,0.7755695416,16.0693782971,1.2059752886,1.3545595826,1.51,-0.1495,-0.4218,0.3545
SNPS,SYNOPSYS INC COM,Technology,Software,Application Software,0.37220000000000014,29158012272.59,0.0014367017887143485,0.014816324113838297,0.015011336344887091,0.02567654975567333,3.422156,,56.5053127669,6.8258461287,8.5506117039,1.18,0.2774,1.0549,0.2629
DHI,D R HORTON INC COM,Consumer Discretionary,Home & Office Products,Homebuilders,0.19159999999999996,23175535387.5,0.0014814419147694104,0.002383711111111111,0.02817863397548161,0.04496590528002385,4.976865,1.098039197,12.8092684853,2.2160580787,1.2743177208,1.62,0.1237,0.3503,0.353
AMAT,APPLIED MATLS INC COM,Technology,Semiconductors,Semiconductor Mfg,0.0005000000000001739,55556974741.66,0.0014833142333256933,0.004821859994945666,0.03460921384368554,0.08366578014184398,3.229337,1.4516661089,18.771654656,6.1600774624,3.6140358344,1.4,0.2022,0.5099,0.3966
RCL,ROYAL CARIBBEAN CRUI COM,Consumer Discretionary,"Gaming, Lodging & Restaurants",Cruise Lines,-0.9565000000000001,10907374712.91,0.0014940236452906802,-0.03495771737793629,-0.043189616114526715,-0.1336342189986308,0.999342,,50.8634699943,1.040112276,1.0094016779,2.51,-0.2117,-0.3815,0.555
LYFT,LYFT INC CL A,Communications,Media,Internet Based Services,-0.34620000000000006,9333146450.16,0.0015681226643368216,-0.043582167012656534,-0.07144477559865306,-0.15266526531847305,-5.937085,,,3.5791609566,2.3797961533,,-0.6359,-0.8335,0.7629
ROP,ROPER TECHNOLOGIES INC,Industrials,Electrical Equipment,Measurement Instruments,0.16359999999999997,43352790616.450005,0.001603926606313886,0.013171540682609017,0.013248574799589808,0.02505395514685184,9.944096,0.4936547192,41.7604565577,4.5200118305,7.9589476213,1.05,0.1746,0.7026,0.2486
MMC,MARSH & MCLENNAN COS COM,Financials,Insurance,Insurance Brokers,0.08260000000000026,58481800147.759995,0.0016107260042687395,0.00348561599655988,0.024019623458953202,0.101194470540867,4.769748,1.6227534587,24.0306202228,7.9495158242,3.3622739468,0.87,0.1462,0.6735,0.2171
CCI,CROWN CASTLE INTL CO COM,Financials,Real Estate,REIT,0.38959999999999995,69472430041,0.0016471359022166977,0.00916185784658691,0.004790760306608659,0.018278826202944375,1.960081,2.878560834,85.0475041329,8.2061030253,11.8704551062,0.36,0.1651,0.6624,0.2492
EW,EDWARDS LIFESCIENCES COM,Health Care,Medical Equipment & Devices,Medical Devices,-0.08220000000000015,48414368086.89,0.001658629224327143,-0.01424691891891892,-0.01897542068149624,-0.031752233596415824,1.7660060425,,44.241070173,12.6108584351,11.2836575557,0.86,0.1705,0.516,0.3305
ZM,ZOOM VIDEO COMMUNICATIONS INC,Technology,Software,Infrastructure Software,1.3728999999999993,69555312228.16,0.0016772669655159408,0.025140858160631635,0.013094202327310081,0.030028914267588407,0.181508,,1358.3974125581,45.844885712,82.2197563052,,1.5646,2.2988,0.6806
SGEN,SEATTLE GENETICS INC COM,Health Care,Biotech & Pharma,Biotech,0.9576,29222177497.145004,0.0017115292022856726,-0.3062030411830423,-0.08051875648768349,-0.09537850203158325,-1.88,,,16.506145022,29.7686752164,1.45,0.1801,0.4003,0.4497
CRWD,CROWDSTRIKE HOLDINGS INC CL A,Technology,Software,Infrastructure Software,1.3906000000000007,21556930139.5,0.0017144970764698603,-0.060614449847819496,-0.01265107977117223,-0.02552203868271122,-0.814791,,,28.6603455506,33.2058054658,,0.2363,0.3182,0.7425
CBRE,CBRE GROUP INC,Financials,Real Estate,Real Estate Services,-0.6514000000000004,14465799519.599998,0.0017282043210496967,0.0004964877891070522,0.010981639084648064,0.02791047705771591,3.644866,,11.8413131916,2.3599366967,0.5874682558,1.73,-0.0309,-0.0874,0.3532
PSA,PUBLIC STORAGE COM,Financials,Real Estate,REIT,-0.11910000000000001,32399583213.200005,0.0017437457936679943,0.07140704556182113,0.030962155082889527,0.0405479032155184,7.340072,4.3159257661,25.2531583628,6.5360105852,11.245569567,0.13,-0.0101,-0.0435,0.2324
EXPE,EXPEDIA GROUP INC,Communications,Media,Internet Based Services,-0.42939999999999995,11803083532.240002,0.0017696870255179509,-0.02666156631960163,-0.06372140863006319,-0.34776797647687785,1.737872,,48.1738593065,5.1993808864,1.0465330028,1.58,-0.1172,-0.2807,0.4176
STZ,CONSTELLATION BRANDS CL A,Consumer Staples,Consumer Products,Beverages,-0.11580000000000026,34731956064.01999,0.001780311895310863,-0.004614851787715188,-0.006803111304866577,-0.015635986499789062,8.971498,1.6680567139,20.0468200632,3.1085523393,4.2059009239,0.92,0.0542,0.187,0.2896
AMT,AMERICAN TOWER CORP NEW,Financials,Real Estate,REIT,0.13409999999999989,113632738996.20999,0.001874799885263465,0.010446941949726557,0.010174286757981913,0.0900998697351281,4.397233,1.7162025491,58.293473776,31.2676880935,14.6248569924,0.45,0.2041,0.7925,0.2575
BAX,BAXTER INTL INC COM,Health Care,Medical Equipment & Devices,Health Care Supplies,0.05410000000000002,45273216039.700005,0.0019287863695937092,0.004228658101356174,0.017404980340760157,0.04294954721862872,3.177158,1.0979162212,28.0942912302,5.8941139178,3.9375923576,0.79,0.1604,0.6557,0.2446
PM,PHILIP MORRIS INTL I COM,Consumer Staples,Consumer Products,Tobacco,-0.06859999999999998,119665404995.29997,0.001931847198815178,0.0044014133213050675,0.049716561973341504,-0.1923913043478261,4.903387,6.0858255245,15.6728397074,,4.1027632961,0.78,-0.0041,-0.0156,0.26
ARE,ALEXANDRIA REAL ESTA COM,Financials,Real Estate,REIT,0.0735999999999999,22419606279.150005,0.0019574879320229206,0.009696330460834837,0.0009524445187744249,0.0017193095458100018,2.593025,2.5155738779,65.0013027455,2.2477770028,12.0093415962,0.84,0.1211,0.4814,0.2516
MAR,MARRIOTT INTL INC NE CL A,Consumer Discretionary,"Gaming, Lodging & Restaurants",Lodging,-0.5444,28372393699.999996,0.0020246624134016987,0.0001414868617816706,0.0012133547301264238,-1.55,2.940598,,29.755852381,,1.3958662775,1.6,-0.0158,-0.0453,0.3494
AMD,ADVANCED MICRO DEVIC COM,Technology,Semiconductors,Semiconductor Devices,0.22520000000000012,81280613551.8,0.002032776261937244,0.005078667413213885,0.02762619372442019,0.05334211392821864,0.592537,,117.1234902223,26.7591049677,10.765703845,2.13,0.6458,1.0121,0.638
MCD,MCDONALDS CORP COM,Consumer Discretionary,"Gaming, Lodging & Restaurants",Restaurants,-0.017899999999999985,147759484487.04,0.002045716658756526,0.00498029441710504,0.021889337130200918,-0.11910603223793229,7.717525,2.5158498541,25.7491878835,,7.1847907636,0.66,0.1452,0.6201,0.2342
AVB,AVALONBAY CMNTYS INC COM,Financials,Real Estate,REIT,-0.6354000000000002,20666397572.7,0.0020917901140476438,0.04640281492094254,0.008444430278589633,0.015388664768037208,4.409121,4.3309500398,33.3059596467,1.8939585367,8.6949919072,0.83,-0.0278,-0.1065,0.2615
DG,DOLLAR GEN CORP NEW COM,Consumer Staples,Retail - Consumer Staples,Mass Merchants,0.43459999999999993,48255074427.6,0.002091803978805322,0.0009112915281846407,0.02617666639984775,0.09022125669988326,7.823014,0.7511737388,24.5046214858,6.6933094561,1.6498179137,0.53,0.1664,0.6113,0.2722
CXO,CONCHO RES INC COM,Energy,"Oil, Gas & Coal",Exploration & Production,-0.5390000000000001,10515666466.800001,0.0021344424856765093,-0.7356106856634016,-0.6814308799764948,-1.107172693638859,-48.619972,1.4964459632,,1.2550218662,2.345367304,1.84,-0.2174,-0.4744,0.4584
O,REALTY INCOME CORP COM,Financials,Real Estate,REIT,-0.45359999999999984,19718949992.940002,0.002169059442207201,0.08552448345686282,0.007811425162272733,0.014094076402532282,1.417112,4.8781337844,40.5190261383,1.8981628284,11.9989039677,0.66,0.0284,0.0897,0.3168
FTV,FORTIVE CORP,Industrials,Electrical Equipment,Measurement Instruments,-0.07109999999999982,23916784306.999996,0.0021919358363306695,0.001427079077910709,0.002474648145195107,0.005776680959011759,2.446902,0.3943661989,29.01628263,3.3019151903,3.2082549308,1.26,0.059,0.2076,0.2841
ATUS,ALTICE USA INC CL A,Communications,Media,Cable & Satellite,-0.2337999999999998,14204057794.409998,0.0022196171572572915,-0.000014284221730300837,-0.00002569133034379671,-0.0005180449298314776,0.422554,,57.0104652958,8.8163706483,1.5748359321,0.91,-0.1127,-0.2684,0.4201
INFO,IHS MARKIT LTD,Technology,Technology Services,Information Services,0.058900000000000036,31570177424.760002,0.002220790010478086,0.006803233976232224,0.0044454364525789115,0.008828309692671395,1.387888,0.8547008637,57.324508576,3.8934200374,7.2968393847,1.01,0.2095,0.8042,0.2605
TXN,TEXAS INSTRS INC COM,Technology,Semiconductors,Semiconductor Devices,0.025500000000000023,118733792071.76999,0.002233115505875609,0.013153967273849954,0.07910576096302666,0.18053375196232338,5.201072,2.7771348489,24.9237089744,15.5269516087,8.7971382289,1.12,0.1892,0.6382,0.2965
EQIX,EQUINIX INC,Financials,Real Estate,REIT,0.46919999999999984,65269751398.4,0.0023502399123586765,0.005692807824210027,0.0050355440945409925,0.01370261523025981,6.408816,1.4429271272,115.0586964345,7.3086971584,11.1150718044,0.39,0.2052,0.7705,0.2663
IQV,IQVIA HOLDINGS INC,Health Care,Health Care Facilities & Svcs,Health Care Services,0.00939999999999979,30197860112.079998,0.0023561187076737264,-0.00036188020626735424,-0.0009921062847776387,-0.00393028024606972,1.724228,,91.5656194441,5.4019754845,2.7772687677,1.32,0.1004,0.3335,0.3012
CLR,CONTINENTAL RESOURCE COM,Energy,"Oil, Gas & Coal",Exploration & Production,-0.6873000000000002,6287931543.179999,0.0024084785206760473,-0.023931625872359363,-0.011783169723681547,-0.027314543599786856,1.597349,,10.7803612819,0.9792772652,1.4588124617,3.47,-0.3612,-0.5109,0.7071
SPG,SIMON PPTY GROUP INC COM,Financials,Real Estate,REIT,-1.733399999999999,18519590707.47,0.00241140427009505,0.023937681030915647,0.012849492545876433,0.16100452895124645,6.785034,8.5922006102,8.9270001734,8.6469302966,3.2914176671,1.36,-0.239,-0.5716,0.4181
TWLO,TWILIO INC,Technology,Software,Infrastructure Software,1.9682000000000008,34773747452.079994,0.0024286984891406073,-0.07120246226032428,-0.018348071575887026,-0.022269574359365912,-2.681059,,,8.1642906891,26.6529129142,1.65,0.4294,0.6982,0.615
LNG,CHENIERE ENERGY INC COM NEW,Energy,"Oil, Gas & Coal",Midstream - Oil & Gas,-0.22009999999999974,12350749266.420002,0.002463359163006686,0.005109892949427834,0.010490390802025344,0.13791835233541744,2.514516,,19.4828753042,63.012139914,1.2275590088,1.65,-0.1278,-0.328,0.3896
JKHY,HENRY JACK & ASSOC I COM,Financials,Specialty Finance,Consumer Finance,0.464,13759366151.240002,0.0024784484208666027,0.040053702090795194,0.03312746504806858,0.048785788410179796,3.902033,0.9577370837,46.0247251466,9.0878793759,8.2222400995,0.61,0.2021,0.9308,0.2171
DLTR,DOLLAR TREE INC COM,Consumer Staples,Retail - Consumer Staples,Mass Merchants,0.06499999999999995,22679416866.399998,0.0024871481745620807,0.0006264554304256537,0.012094686349026466,0.03797196577002117,4.672842,,20.4586413309,3.4776431062,0.9404315029,0.63,-0.0162,-0.0474,0.3417
VNO,VORNADO RLTY TR SH BEN INT,Financials,Real Estate,REIT,-0.6145,6690961567.259999,0.0025508165748738074,0.008852905977522429,0.0009606989345599498,0.0022096723119369166,-1.802668,7.540702956,,1.1253226212,3.642773918,1.36,-0.1584,-0.4974,0.3184
TJX,TJX COS INC NEW COM,Consumer Discretionary,Retail - Discretionary,Specialty Apparel Stores,-0.32300000000000045,63355719501.659996,0.0025554509813796762,-0.0045656637229160735,-0.03491956007497864,-0.1872648609960546,0.784236,,67.4414326678,13.3683908971,1.7290751336,0.72,0.0658,0.2325,0.283
BXP,BOSTON PROPERTIES IN COM,Financials,Real Estate,REIT,-0.8191999999999996,14087320014.470003,0.002620760030670145,0.08830744821647823,0.022910119965928982,0.059349306855073315,3.409503,4.3233705485,26.5933181959,2.4081212561,4.6954539133,1.05,-0.0764,-0.2667,0.2863
TWTR,TWITTER INC,Communications,Media,Internet Media,0.2901999999999999,29454977202.34,0.002624958886517384,-0.2629068035432621,-0.09786782111971012,-0.15727412268484278,0.05975,,628.2845341511,3.7723835092,8.797597387,0.79,-0.1375,-0.2539,0.5417
EL,LAUDER ESTEE COS INC CL A,Consumer Staples,Consumer Products,Household Products,-0.09600000000000004,69029736535.5,0.002627522735936394,-0.000053632286995515695,-0.00032674399607907203,-0.0013767783386874712,6.599088,,29.0570454584,15.9453235225,4.4776334344,0.78,0.1443,0.5228,0.276
WCN,WASTE CONNECTIONS INC,Industrials,Waste & Environ Svcs & Equip,Waste Management,0.1193000000000001,26139350764.560005,0.0026621336132141584,0.007820444186796253,0.010016869743436897,0.02138973537950611,2.369917,0.7440177051,41.9550559387,3.9103823827,4.7728177554,0.76,0.236,1.1063,0.2133
ANSS,ANSYS INC COM,Technology,Software,Application Software,0.3666000000000001,25123117007.379997,0.0026815890554419547,0.049522763414594155,0.010177449164123078,0.013991222075417253,4.880852,,60.1349948258,7.6299198082,16.5440531858,1.22,0.2254,0.7926,0.2843
IFF,INTERNATIONAL FLAVOR COM,Materials,Chemicals,Specialty Chemicals,0.022000000000000033,13550862082.08,0.0026907632990770965,0.006864383066494373,0.009820021568158312,0.020965654768905342,4.954045,2.365557483,25.5992829485,2.3243443809,2.7372729785,1.06,0.0054,0.0189,0.2831
SHW,SHERWIN WILLIAMS CO COM,Materials,Chemicals,Specialty Chemicals,0.09240000000000012,56297816000,0.0027213409624555793,0.0018708852822726506,0.015639052420236943,0.09780791097868721,20.178291,0.8644882638,30.7270828601,17.1164810354,3.1540742397,1.22,0.1406,0.508,0.2768
INVH,INVITATION HOMES INC,Financials,Real Estate,REIT,-0.06750000000000002,15430889138.22,0.002795295607515228,0.02469268923873194,0.0028394827703316227,0.006277356468425296,0.167943,2.1794406968,163.9246690046,1.8929512073,8.3001577367,0.9,0.0677,0.2278,0.297
BKNG,BOOKING HOLDINGS INC,Communications,Media,Internet Based Services,-0.36139999999999983,69635758884.3,0.0028164763184413836,-0.01335257867132867,-0.03913335572724219,-0.18226857887874837,91.676218,,18.5577032511,18.1576413719,4.951130237,1.05,0.0199,0.0628,0.3162
VMC,VULCAN MATLS CO COM,Materials,Construction Materials,Cement & Aggregates,-0.11799999999999976,16856240504.16,0.0028474185987482623,0.005473475137289587,0.005669003146184793,0.010778977827053378,4.604637,1.0685103821,27.6417009157,3.0152216666,3.3831781894,0.81,0.0225,0.0664,0.3391
CERN,CERNER CORP COM,Technology,Software,Application Software,-0.01739999999999999,21849185994,0.00294938120042812,0.007383719818295282,0.021845250377425428,0.03809370711807861,2.285358,1.0026459109,31.4130219053,5.6542372257,3.9531764941,0.87,-0.0222,-0.0847,0.2623
OKE,ONEOK INC NEW COM,Energy,"Oil, Gas & Coal",Midstream - Oil & Gas,-1.8806000000000007,12752005024.24,0.0029553461535660446,-0.003107262134759102,-0.006457014835152831,-0.025510907825194974,3.145258,13.0222841558,9.1312061883,2.1376512949,1.2484919782,2.12,-0.1451,-0.2764,0.525
NBL,NOBLE ENERGY INC COM,Energy,"Oil, Gas & Coal",Exploration & Production,-1.7673999999999992,5223918581.64,0.002971961278496964,-0.2628012214983713,-0.22700194753121777,-0.7687681862269641,-0.077776,0.7346189,,1.2011940338,1.124417704,2.6,-0.3392,-0.5824,0.5825
SSNC,SS&C TECHNOLOGIES HL COM,Technology,Software,Application Software,-0.13279999999999983,14306052099.999998,0.002993314177324544,0.0072022835719154745,0.006210052522520831,0.019498388238069028,2.009949,0.8965393581,27.7370221831,2.8063477868,3.0309079951,1.49,0.0697,0.2121,0.3286
A,AGILENT TECHNOLOGIES COM,Health Care,Medical Equipment & Devices,Life Science Equipment,0.1109000000000001,29275184914.760002,0.00299451084082496,0.006589903069466882,0.010682178741406664,0.02118288590604027,2.644623,0.7594135941,35.8500994503,6.1244713188,5.6129906024,1.12,,,
APH,AMPHENOL CORP NEW CL A,Industrials,Electrical Equipment,Electrical Components,-0.11820000000000046,31147560728.570004,0.003000223136586367,0.0065237735849056604,0.023000919322735833,0.0536841447409537,3.525107,0.9579461634,29.6132853243,6.5758694167,3.8263760854,1.27,0.101,0.4063,0.2485
PINS,PINTEREST INC CL A,Communications,Media,Internet Media,0.6698000000000004,14391638779.92,0.0030222685190849303,-0.1909307200117673,-0.06169503611796145,-0.07283851264908588,-3.16,,,7.3657474582,10.7425925451,,-0.1872,-0.2615,0.7157
SBUX,STARBUCKS CORP COM,Consumer Discretionary,"Gaming, Lodging & Restaurants",Restaurants,-0.27680000000000005,88533774000,0.003035281616076335,0.0009135380355921744,0.011950987848858577,-0.04359542805559611,2.635955,2.1641593899,28.7485935,,3.3891358464,0.79,0.0379,0.1387,0.2732
AME,AMETEK INC NEW COM,Industrials,Electrical Equipment,Measurement Instruments,-0.08250000000000011,21314241532.600002,0.0030488553705140544,0.019415363935658923,0.026468348357933533,0.052687916247887955,3.589678,0.7750269415,25.8797589995,4.0019207429,4.1802085326,1.24,0.0846,0.3115,0.2715
EXPD,EXPEDITORS INTL WASH COM,Industrials,Transportation & Logistics,Logistics Services,0.048600000000000004,13345715855.34,0.0030632766632848686,0.003382365931528227,0.03485616816340438,0.06005659881844443,3.3,1.2969197679,24.3000007398,6.5495271174,1.6933619125,0.76,0.1053,0.4544,0.2317
CF,CF INDS HLDGS INC COM,Materials,Chemicals,Agricultural Chemicals,-0.42579999999999957,6537920730.66,0.003068258178603006,0.007212255406797116,0.005465798569246845,0.012585600592263557,1.734481,3.9241335765,17.6306341342,2.3965952515,1.4665688144,1.1,-0.1776,-0.399,0.4451
TRGP,TARGA RES CORP COM,Energy,"Oil, Gas & Coal",Midstream - Oil & Gas,-1.5436000000000007,4377922761.84,0.0030835662764868844,-0.04139596856850017,-0.10843087827888287,-0.26091917781481316,0.47632,2.1299254843,39.4272772226,1.8636897001,0.51904735,3.21,-0.4368,-0.6167,0.7083
NOW,SERVICENOW INC,Technology,Software,Infrastructure Software,0.929,81085330013.64,0.0031324829574132184,0.00440535581168645,0.00778243706731967,0.02128375023995022,3.433998,,123.8177781238,35.7812595966,21.5677556897,1.35,0.3155,0.8103,0.3893
LRCX,LAM RESEARCH CORP COM,Technology,Semiconductors,Semiconductor Mfg,0.1775,50185485809.880005,0.0031424721386761434,0.009169903639722402,0.04442361964766762,0.12667051157140757,14.423045,1.3313652006,23.9699731382,11.0594268074,5.2316235776,1.36,0.2629,0.6459,0.4069
MCHP,MICROCHIP TECHNOLOGY COM,Technology,Semiconductors,Semiconductor Devices,0.03590000000000004,25297966098.569996,0.0031683853530049756,0.005678302171290711,0.005732780140134627,0.017885596634141982,1.530393,1.4669194977,65.4799120778,4.4014112363,4.5385239395,1.61,0.1441,0.3818,0.3774
LKQ,LKQ CORP COM,Consumer Discretionary,Distributors - Discretionary,Automotive Wholesalers,-0.5113999999999992,8498945307.960001,0.0033331282727068895,0.001611631041658683,0.011748031215623678,0.02896119165198679,2.094806,,13.3472975944,1.7141050535,0.6941910986,1.67,-0.0868,-0.2369,0.3664
ALB,ALBEMARLE CORP COM,Materials,Chemicals,Specialty Chemicals,0.18559999999999988,9253972162.56,0.003386304411271007,0.019638354458648297,0.010886265315601567,0.02652563079530622,5.6838,1.7693014268,15.313698743,2.3862806375,2.6401292316,1.46,0.0513,0.1331,0.3853
MLM,MARTIN MARIETTA MATL COM,Materials,Construction Materials,Cement & Aggregates,-0.4361999999999998,13898439846.900002,0.00339544338023878,0.0028209142141515336,0.002465868195060647,0.004887345737253274,9.450765,0.9836798782,23.6647503029,2.6262586834,2.9361615209,0.91,0.021,0.0605,0.3471
H,HYATT HOTELS CORP COM CL A,Consumer Discretionary,"Gaming, Lodging & Restaurants",Lodging,-0.5654000000000003,5087905380.84,0.0034535430224150398,-0.010445720040281974,-0.012412629549288986,-0.027777777777777776,1.05852,,47.5569664745,1.3727443176,1.0922216197,1.41,-0.0713,-0.209,0.3412
CL,COLGATE PALMOLIVE CO COM,Consumer Staples,Consumer Products,Household Products,0.09460000000000003,63657194775.59999,0.0034547909754479096,0.004259653404930437,0.04744525547445255,2.096774193548387,2.993781,2.3681377697,24.8247950317,,4.008495929,0.59,0.018,0.0852,0.2114
URI,UNITED RENTALS INC COM,Industrials,Industrial Services,Industrial Distribution & Rental,-0.03569999999999995,11591322594.72,0.0034561638753444982,0.0038311529411764705,0.009168963324146703,0.04759284731774415,16.825239,,9.561825831,3.188749555,1.3067169716,2.27,0.0673,0.1438,0.4678
REG,REGENCY CTRS CORP COM,Financials,Real Estate,REIT,-0.43060000000000015,6785000967.239999,0.003464619856779438,-0.031483335566069,-0.002189775153866455,-0.004036820931805741,0.791129,5.9559562423,50.5100926454,1.0904337435,5.9284370574,0.96,-0.0994,-0.3197,0.3109
VAR,VARIAN MED SYS INC COM,Health Care,Medical Equipment & Devices,Medical Equipment,-0.1108000000000002,11548028406.199999,0.0034844724786482198,0.006843801132787917,0.009944980317226458,0.023092959854599887,3.759951,,33.8195906442,6.1980934717,3.4732327363,1.06,0.059,0.2096,0.2817
ILMN,ILLUMINA INC COM,Health Care,Medical Equipment & Devices,Life Science Equipment,0.18330000000000002,56190750000,0.0035905247211127944,0.023445518044237487,0.023825919294862965,0.03732470334412082,6.488089,,58.9156529758,12.1231391586,15.7972308125,0.99,0.0347,0.0848,0.4091
KSU,KANSAS CITY SOUTHERN COM NEW,Industrials,Transportation & Logistics,Rail Freight,0.04780000000000002,14595831759.599998,0.003623224890893362,0.036542982296039424,0.01066280459948873,0.023119072708113805,6.227729,1.0342598732,24.84051521,3.3052869725,5.4351725184,0.93,0.0585,0.1841,0.3176
MAA,MID-AMER APT CMNTYS COM,Financials,Real Estate,REIT,-0.14439999999999995,12723851347.800001,0.003629005330505791,0.020964941233873397,0.0032850551771485366,0.005885496830491011,2.073913,3.5948593511,53.652200764,2.5387691716,7.6475161869,0.65,0.0785,0.2987,0.2628
ESS,ESSEX PPTY TR INC COM,Financials,Real Estate,REIT,-0.6323999999999999,14007164052.6,0.0036604030930110615,0.2046132829723193,0.023419056102142607,0.048833657437952975,6.186486,3.8810015037,34.6109237323,2.2488314188,9.4342700875,0.68,-0.0134,-0.0506,0.2659
CBOE,CBOE GLOBAL MARKETS INC,Financials,Institutional Financial Svcs,Security & Cmdty Exchanges,-0.48960000000000015,9815581169.1,0.0036673221957040573,0.1226059168294725,0.030052505966587113,0.047551433491435306,4.221742,1.6096580116,21.1903046383,2.9653289221,8.1718837475,0.51,0.0679,0.2608,0.2604
LYV,LIVE NATION ENTERTAI COM,Consumer Discretionary,Recreation Facilities & Svcs,Entertainment Facilities,-0.39999999999999974,10315263896.16,0.0036883114737126443,-0.009907351066454906,-0.015578541702005254,-0.11035583282271423,-0.578912,,,11.8125013731,0.9019679455,1.1,0.046,0.118,0.3901
FMC,F M C CORP COM NEW,Materials,Chemicals,Agricultural Chemicals,0.08249999999999999,13894860730.56,0.0038201723393396928,0.013196799999999998,0.0202371138067758,0.07629407629407627,6.207762,1.6396497023,17.2912550993,5.1935636752,2.9932936303,1.24,0.1517,0.4325,0.3508
ITW,ILLINOIS TOOL WKS IN COM,Industrials,Machinery,Industrial Machinery,0.006899999999999976,58381084258.659996,0.0038432680754823664,0.005431877323420074,0.04000282705491554,0.2478108581436077,7.535035,2.316142762,24.5241055,25.5694957858,4.3127625598,1.17,0.1389,0.5304,0.2619
XPO,XPO LOGISTICS INC,Industrials,Transportation & Logistics,Trucking,0.016500000000000035,7221764346.999999,0.0038533031177036122,0.00015403726708074534,0.0015794533717895893,0.00843108504398827,3.070845,,25.8072289549,2.8426290895,0.4447901415,2.52,-0.02,-0.0378,0.5301
MKC,MCCORMICK & CO INC COM NON VTG,Consumer Staples,Consumer Products,Packaged Food,0.27759999999999985,25783395549.29,0.003949348058357996,0.009979230604525017,0.018522895963540436,0.053490975616415914,5.627307,1.2815212996,34.3894520545,7.0623481655,4.7416963082,0.36,0.1778,0.7414,0.2398
FAST,FASTENAL CO COM,Industrials,Industrial Services,Industrial Distribution & Rental,0.22749999999999995,26237668196.979996,0.003952927641241555,0.010491517561298873,0.058479389014001765,0.08584261588214158,1.443733,2.186270223,31.6817594932,9.426921436,4.7429391831,1.18,0.1574,0.5411,0.291
WDAY,WORKDAY INC.,Technology,Software,Application Software,0.1652,42953300000,0.004019133579052129,-0.015270158142549234,-0.021911855311578562,-0.060863857242340905,-1.873496,,,16.5197231272,10.9876055297,1.55,0.0959,0.2426,0.3951
CSGP,COSTAR GROUP INC COM,Technology,Technology Services,Information Services,0.32480000000000003,27700408313.100002,0.004053070093329266,0.047408554869630234,0.015538796613668157,0.021021360969455165,8.330926,,84.4768060035,7.4669135906,17.4944816213,1.09,0.2164,0.7203,0.3004
FFIV,F5 NETWORKS INC COM,Technology,Hardware,Communications Equipment,0.0865,9276979055.94,0.00406872181504205,0.018030710481978716,0.013821057843803289,0.030717237665612046,7.14439,,21.3230235664,4.6222847421,3.9922757697,1.09,-0.0133,-0.0454,0.2919
BMRN,BIOMARIN PHARMACEUTI COM,Health Care,Biotech & Pharma,Biotech,0.8755999999999998,22233891445.2,0.004080488841356294,0.03228460629913418,0.0172313656123507,0.025117887185096614,0.290057,,423.8821919424,6.859550679,12.222114254,1.09,-0.0914,-0.2375,0.3848
FLT,FLEETCOR TECHNOLOGIE COM,Financials,Specialty Finance,Consumer Finance,-0.10850000000000022,21627681066.879993,0.0041090790130988535,0.033648820967700464,0.013002480073208578,0.05259225907463231,8.945885,,28.8490167907,7.7316773258,8.2695643875,1.49,0.0542,0.1656,0.3275
JBHT,HUNT J B TRANS SVCS COM,Industrials,Transportation & Logistics,Trucking,0.292,13793196190.07,0.004237677253372208,0.002643629464017305,0.021913227235798124,0.0509017112374171,5.212911,0.825751237,25.0896271366,5.7717130826,1.5062711875,1,0.0726,0.2683,0.2704
NRG,NRG ENERGY INC COM NEW,Utilities,Utilities,Power Generation,-0.31260000000000027,8345336581.399999,0.004252339728591483,0.0029683506686478457,0.009436905318982999,0.07877604166666667,31.520964,3.5087720693,1.0846749048,5.467369291,0.8993039233,1.05,0.0026,0.0059,0.4324
SPGI,S&P GLOBAL INC,Technology,Technology Services,Information Services,0.5504000000000001,84307773000.00002,0.0042530536175093185,0.020032642777155656,0.06107235018637102,0.30810028929604627,9.767604,0.7657799431,35.8296672573,,12.3639562455,1.05,0.2604,0.9289,0.2803
HLT,HILTON WORLDWIDE HLDGS INC,Consumer Discretionary,"Gaming, Lodging & Restaurants",Lodging,-0.6970000000000001,21468356860.980003,0.004255782873068153,0.00048828125,0.0011401064099315936,-0.01991150442477876,4.721292,,16.400171882,,2.3949122221,1.25,0.035,0.1164,0.3008
KEYS,KEYSIGHT TECHNOLOGIES INC,Industrials,Electrical Equipment,Measurement Instruments,-0.09459999999999993,18114536839.75,0.0042709782447831884,0.008863687150837988,0.010507621725617878,0.02301458670988655,2.909991,,33.2818893509,5.8549512854,4.3271795611,1.09,0.2033,0.6264,0.3245
CDNS,CADENCE DESIGN SYSTE COM,Technology,Software,Application Software,0.3917000000000001,28601476459.999996,0.004353547458592918,0.032211811070489864,0.03282612788558162,0.05817876294352068,1.662531,,61.707117845,12.6744139556,11.5149393646,1.1,0.3176,1.069,0.2971
AOS,SMITH A O COM,Industrials,Electrical Equipment,Comml & Res Bldg Equip & Sys,0.13739999999999997,8268112230.77,0.004396345960442508,0.012745171926519076,0.01733154542406973,0.03198663614428015,2.02,1.8709802739,25.4009907789,5.1154565687,2.9272666685,1.27,0.0546,0.2025,0.2695
XYL,XYLEM INC,Industrials,Machinery,Flow Control Equipment,-0.05399999999999992,13358710505.25,0.004418350678434989,0.0030131789848619767,0.005005928072717692,0.01347040056717476,3.271549,1.4006733493,22.695671072,4.7502044808,2.6044953322,1.03,0.1343,0.478,0.281
PANW,PALO ALTO NETWORKS INC,Technology,Software,Infrastructure Software,0.16919999999999985,23515489517.760002,0.0044446460980036295,-0.00989602024384633,-0.011504506444369251,-0.10044313146233384,-1.685685,,,31.5882978546,7.2333403277,1.19,-0.0169,-0.0439,0.3844
KLAC,KLA-TENCOR CORP COM,Technology,Semiconductors,Semiconductor Mfg,0.2798,29181752339.74,0.004523891509172676,0.0038690584874336714,0.008868695332302503,0.03373995138474348,9.404856,1.8064927981,20.0120030242,12.6468561952,5.3068449244,1.35,0.2616,0.7051,0.371
CTAS,CINTAS CORP COM,Consumer Discretionary,Commercial Services,Other Commercial Services,0.06399999999999997,31293490356.8,0.0045989477026057105,0.005512094463763535,0.01885099972163859,0.04469118157073345,8.1,0.8426966135,37.3580254449,9.6728089894,4.4365981811,1.43,0.2294,0.785,0.2922
TRMB,TRIMBLE INC,Industrials,Electrical Equipment,Measurement Instruments,0.12480000000000024,10997014387.590002,0.004626347734017329,0.009860785056165595,0.009230952771522735,0.019952938142668346,1.792933,,24.5575260087,3.545058748,3.3869826648,1.68,0.0707,0.1961,0.3608
MCO,MOODYS CORP COM,Technology,Technology Services,Information Services,0.20389999999999986,54315000000,0.00466885724394127,0.029325193798449615,0.04316292234211923,0.6062111801242236,8.514708,0.7732670566,34.021130575,93.3327434381,10.9730775419,1.19,0.1761,0.5894,0.2987
AZO,AUTOZONE INC COM,Consumer Discretionary,Retail - Discretionary,Automotive Retailers,-0.029899999999999902,27297533199.84,0.004998399101667779,0.0044390689882592696,0.026576694966126142,-0.2100131313329282,62.032165,,18.8384520486,,2.3102707957,0.9,0.0648,0.2264,0.286
ZTS,ZOETIS INC,Health Care,Biotech & Pharma,Specialty Pharma,0.1019,68495958137.840004,0.005007720333102012,0.017975880052151238,0.03669326856349757,0.15365056302215765,3.56252,0.5547080931,40.4825800896,24.8765280746,10.8554912299,0.77,0.213,0.8168,0.2608
PKG,PACKAGING CORP AMER COM,Materials,Containers & Packaging,Containers & Packaging,-0.11799999999999997,9748889150.619999,0.005068049431106756,0.004853338795575583,0.019285208775654632,0.04498555509698719,7.331064,3.0742290941,14.0211572175,3.0935877605,1.3920028299,1.27,0.0657,0.2173,0.3025
APA,APACHE CORP COM,Energy,"Oil, Gas & Coal",Exploration & Production,-1.2433999999999994,5359449668.6,0.005101523411246359,-0.2848937799043062,-0.334553058024046,-12.985507246376812,0.794872,0.7042253626,17.8645112789,,0.893173753,4.66,-0.4237,-0.6131,0.691
COO,COOPER COS INC COM NEW,Health Care,Medical Equipment & Devices,Health Care Supplies,-0.2498,15124197945.78,0.005104992319508448,0.004173937892931987,0.0017665130568356375,0.003170227429359063,7.756347,0.0211543203,36.5610237103,3.8386064954,5.5062832789,0.9,0.0611,0.2252,0.2715
CPRT,COPART INC COM,Consumer Discretionary,Distributors - Discretionary,Automotive Wholesalers,-0.0312000000000004,21017284127.519997,0.0051651656780796204,0.048692310487680794,0.0466497321120464,0.06465860971297377,2.457355,,36.4294115596,9.2110182658,9.336577225,1.11,0.3263,1.1489,0.2841
ORLY,O REILLY AUTOMOTIVE COM,Consumer Discretionary,Retail - Discretionary,Automotive Retailers,-4.579669976578771e-16,32832971366.960003,0.005226754999747049,0.004898713379072856,0.02704489442753002,2.760262393884848,17.81,,24.8366084412,301.5444198947,3.2966053064,1.07,0.0751,0.2453,0.3061
CHD,CHURCH & DWIGHT INC COM,Consumer Staples,Consumer Products,Household Products,0.20540000000000005,21114807780.530003,0.005260289343966658,0.01692576381737041,0.03069771169799223,0.0815529845979133,2.62,1.117968998,32.7748102086,7.4892004691,4.717205571,0.32,0.1383,0.6169,0.2242
ROK,ROCKWELL AUTOMATION COM,Industrials,Electrical Equipment,Measurement Instruments,0.10330000000000022,26198221512.399998,0.005386834485965886,0.0046767382382680075,0.01983228071228191,0.14095319330419026,8.872798,1.8037932374,25.4925224762,42.1920139863,3.8998129602,1.5,0.1044,0.3364,0.3105
UDR,UDR INC COM,Financials,Real Estate,REIT,-0.2477,10465504601.37,0.005412158881778704,0.005051620469016832,0.0005387414541479016,0.0012148858772832631,0.641511,4.0574811418,55.3225146232,3.061905166,8.4627005036,0.6,,,
ROST,ROSS STORES INC COM,Consumer Discretionary,Retail - Discretionary,Specialty Apparel Stores,-0.5959999999999998,30666206003.76,0.005468032109482006,-0.009007403918112437,-0.028508639877196647,-0.10855500406049283,2.58,,33.3953502566,10.8846198269,2.1788900298,0.8,0.059,0.1822,0.324
AKAM,AKAMAI TECHNOLOGIES COM,Technology,Software,Infrastructure Software,0.2572,18132549501.28,0.005533382767536237,0.02108093397636013,0.01772406158012515,0.03353450149201381,3.092144,,36.1367380897,4.9347864719,6.1472984538,0.34,0.0225,0.0647,0.3481
TFX,TELEFLEX INC COM,Health Care,Medical Equipment & Devices,Health Care Supplies,0.04839999999999978,17997278317.2,0.005546197872616004,0.03297639548269858,0.01957005857140214,0.042677831347884033,9.89377,0.3508228897,39.1822332298,5.9996634501,6.8680443436,1,0.1845,0.6373,0.2895
EFX,EQUIFAX INC COM,Technology,Technology Services,Information Services,0.3717999999999998,20302828344.96,0.005608674486006703,0.009928571428571429,0.010857259306222264,0.03507296200124348,5.023697,0.9332375824,33.2743005126,7.5386735626,5.4432738667,1.21,0.0776,0.2742,0.2829
WYNN,WYNN RESORTS LTD COM,Consumer Discretionary,"Gaming, Lodging & Restaurants",Casinos & Gaming,-0.5438999999999999,7918609260.24,0.005657124429189594,-0.044200579627478205,-0.028166974431435038,-0.40508322585845574,-2.35316,,,6.3761698435,1.3248644548,2.49,-0.1526,-0.2839,0.5377
MSI,MOTOROLA SOLUTIONS INC,Technology,Hardware,Communications Equipment,-0.32639999999999997,24103643814.74,0.005662150055991042,0.007192326283987915,0.018383725270623368,-0.2118279569892473,6.926328,1.8062512826,20.4625013034,,3.0251256755,0.66,0.1614,0.5945,0.2715
NVR,NVR INC COM,Consumer Discretionary,Home & Office Products,Homebuilders,-0.22839999999999983,14056864024.32,0.005693104891734072,0.0062490742843600965,0.03468801400416911,0.06280594331981325,207.98,,18.3209438051,5.3807989046,1.9694530081,1,0.1168,0.3407,0.3427
XEC,CIMAREX ENERGY CO COM,Energy,"Oil, Gas & Coal",Exploration & Production,-0.7439000000000004,2668912768.52,0.005778208546131078,-0.2908666444420325,-0.12451574743508967,-0.26967942823706437,3.485177,3.3664881225,7.5003362497,0.9502684694,1.1347922728,2.31,-0.3484,-0.6618,0.5265
CPT,CAMDEN PPTY TR SH BEN INT,Financials,Real Estate,REIT,-0.301,8919833432.44,0.0057803581825518905,0.06008174183885606,0.006445320352553841,0.011789752143913205,1.87011,3.7086683794,47.8741885661,2.4227851615,8.4048891608,0.8,0.0375,0.1454,0.258
ALNY,ALNYLAM PHARMACEUTIC COM,Health Care,Biotech & Pharma,Biotech,0.28529999999999983,17578812018.100002,0.005865748035640966,-1.8414582411838032,-0.07993467343737388,-0.13500561964661056,-8.434354,,,12.8366668351,59.339282179,1.85,-0.1869,-0.294,0.6356
IRM,IRON MTN INC COM,Financials,Real Estate,REIT,-0.24739999999999981,7841928915.72,0.005881905033164445,0.005601128815389467,0.00471571690395992,0.05692531238849631,1.21003,9.0822319277,22.5118383603,6.978732963,1.8295960407,0.69,-0.0008,-0.0028,0.2871
XLNX,XILINX INC COM,Technology,Semiconductors,Semiconductor Devices,0.06120000000000012,24966333305.579998,0.005930986373439436,0.02837698979989923,0.034571799066505815,0.07008793334395946,3.230295,1.4806156058,31.7803803251,10.8116655383,8.1453554766,0.97,0.1565,0.452,0.3462
TIF,TIFFANY & CO NEW COM,Consumer Discretionary,Retail - Discretionary,Jewelry & Watch Stores,-0.17159999999999995,14732699690.34,0.005955737121504196,-0.020934653465346537,-0.009579169014502209,-0.02030807922037095,3.245322,1.9108804326,37.4107726944,4.6473645253,3.6843617835,1.01,0.0316,0.1018,0.31
SQ,SQUARE INC,Financials,Specialty Finance,Consumer Finance,1.4379999999999995,53341635383.909996,0.005962118119420581,-0.005551408324759306,-0.01763711524211122,-0.05856981268788598,-0.128398,,,29.4645548695,10.1445372748,2.69,0.4007,0.736,0.5445
COG,CABOT OIL & GAS CORP COM,Energy,"Oil, Gas & Coal",Exploration & Production,0.2016,7588877710.4,0.0061407176856269384,0.03609664205849551,0.011921254705976658,0.024861706469531612,1.011812,2.1008403674,18.8177259368,3.4997673742,4.3114393428,0.21,-0.1265,-0.3224,0.3924
FBHS,FORTUNE BRANDS HOME & SECURITY INC C,Consumer Discretionary,Home & Office Products,Home Improvement,0.09060000000000012,9794233592,0.006472960746654814,0.005544949026876737,0.017317185441500925,0.046269986004495514,3.627991,1.3521126458,19.5700595729,4.155381244,1.701678438,1.67,0.0449,0.1361,0.3298
JAZZ,JAZZ PHARMACEUTICALS PLC,Health Care,Biotech & Pharma,Specialty Pharma,-0.6466000000000006,6248107138.29,0.006506918592332744,-0.05519948534389575,-0.030263484615922973,-0.056198326508812534,10.27199,,10.9900807331,2.225562929,2.9114691595,1.23,-0.1634,-0.4678,0.3493
IT,GARTNER INC COM,Technology,Technology Services,Information Services,-0.4448,11119244964.66,0.00664916167500889,0.007233845426056369,0.011043114570935066,0.08435258768358095,3.023041,,41.246546918,12.5063339246,2.6032711856,1.47,0.0284,0.0957,0.2967
HSY,HERSHEY CO COM,Consumer Staples,Consumer Products,Packaged Food,-0.14140000000000008,30304716488.880005,0.006666673399864057,0.009224818415197072,0.030176058523156198,0.1531249270395749,5.8551,2.2075783087,24.8808718341,17.2780472185,3.8326236275,0.16,0.074,0.2992,0.2473
TDG,TRANSDIGM GROUP INC COM,Industrials,Aerospace & Defense,Aircraft & Parts,-0.5233999999999998,23011016073.64,0.0067674120829576195,0.01531995841995842,0.01917643522693117,-0.07586206896551724,13.606828,,31.2754741633,,3.9576179619,1.5,0.1255,0.3229,0.3886
ADSK,AUTODESK INC COM,Technology,Software,Application Software,0.23850000000000002,51046531687.84,0.006779288948213352,0.008477136728011743,0.011995165857970022,-0.478073328540617,1.324124,,175.8747707034,,14.9354531685,1.6,0.2614,0.6871,0.3805
GDDY,GODADDY INC,Communications,Media,Internet Based Services,0.010299999999999917,11426667063.929998,0.006904433481548798,0.006839267676767676,0.006961799357372367,0.08771212430995716,1.10627,,62.0192182834,24.1088434223,3.8862952099,0.9,0.1221,0.3247,0.3759
VRSK,VERISK ANALYTICS INC,Technology,Technology Services,Information Services,0.18880000000000005,29170942975.579998,0.006945410718667455,0.03608480719049,0.02478312957376481,0.08252823840422975,3.840423,0.6007342546,46.8125513203,14.0417755216,10.9923420257,0.71,0.1663,0.7011,0.2371
ST,SENSATA TECHNOLOGIES HLDG PLC,Industrials,Electrical Equipment,Electrical Components,-0.2915999999999999,6352476843.66,0.006953554314822442,0.0014063587719513502,0.0012375202155701208,0.0033221727348562544,2.339084,,17.2802679036,2.571255173,1.9229635497,1.64,-0.0911,-0.2701,0.3373
SIRI,SIRIUS XM HLDGS INC,Communications,Media,Cable & Satellite,-0.40260000000000035,25858702584.34,0.006974750800182899,0.007689651639344262,0.0267946959304984,-0.392235609103079,0.235436,0.9016088264,25.0811269721,,3.2906879406,1.19,0.0468,0.1716,0.2725
HEI,HEICO CORP NEW COM,Industrials,Aerospace & Defense,Aircraft & Parts,-0.3087999999999998,11270018758.45,0.007075948746372408,0.03442814848359273,0.02242398215662878,0.036170672766939256,2.631171,0.1676270261,36.2766224423,6.9198543776,6.2614163884,1.12,0.2295,0.7081,0.3241
HUBB,HUBBELL INC,Industrials,Electrical Equipment,Electrical Components,-0.22340000000000004,7186520269.070001,0.007331451271400052,0.006309089241493167,0.01512371196386441,0.03889032927145449,7.620943,2.7453051549,17.3981089135,3.7597977968,1.5671825862,1.28,0.0335,0.1186,0.2822
EXR,EXTRA SPACE STORAGE COM,Financials,Real Estate,REIT,-0.13319999999999985,12314860590.6,0.0073822683609283644,0.09787788913888322,0.012653275296316059,0.03898862190634426,3.321117,3.7735848057,28.7252757208,5.1333198747,9.2393477546,0.19,0.0674,0.2611,0.258
RMD,RESMED INC COM,Health Care,Medical Equipment & Devices,Health Care Supplies,0.2748999999999999,29286676766.76,0.007406647048925153,0.02755404799500945,0.03616792922714627,0.0722986876177468,3.941972,0.7705986676,51.3550077072,12.9786688713,10.0825652674,0.51,0.2507,0.8063,0.3109
FRT,FEDERAL REALTY INVT SH BEN INT NEW,Financials,Real Estate,REIT,-0.5177999999999998,5520455735.58,0.00747398746944876,0.10213424772302285,0.007057165839724513,0.019847836755049215,2.971546,5.7542126446,24.5629708791,2.3567152719,5.8582351632,0.93,-0.124,-0.4183,0.2964
CHRW,C H ROBINSON WORLDWI COM NEW,Industrials,Transportation & Logistics,Logistics Services,0.10959999999999999,11585880806.46,0.0075308147977031226,0.0005397623342710449,0.016118160517457594,0.04923767482947079,3.59,2.3701637758,23.9749302771,7.2986488585,0.7633874941,0.59,0.0464,0.1923,0.2414
TSCO,TRACTOR SUPPLY CO COM,Consumer Discretionary,Retail - Discretionary,Home Products Stores,0.888,16943281483.6,0.007613829823440213,0.003356896188585117,0.05122888486365682,0.19972401266711096,5.837775,0.9554357307,25.1003162642,9.9917312378,1.8458906785,1.03,0.0627,0.2116,0.2965
LULU,LULULEMON ATHLETICA COM,Consumer Discretionary,Retail - Discretionary,Specialty Apparel Stores,0.32780000000000004,41861555322.5,0.007646607237335662,0.0067361287927824014,0.00894250896218548,0.015596580649062228,4.42,,72.7375565611,22.8016531874,10.8828788329,1.08,0.2708,0.6632,0.4083
TRU,TRANSUNION,Technology,Technology Services,Information Services,0.02439999999999999,17030754000,0.007741580002596316,0.014847876672484002,0.010125632852053255,0.03243692819517605,2.131992,0.3343363556,42.0874015273,8.2365694429,6.2036306916,1.18,0.2297,0.7427,0.3093
SPLK,SPLUNK INC,Technology,Software,Infrastructure Software,0.6528000000000003,31705477349.35,0.007829594500129013,-0.16217721740612842,-0.05849221364600744,-0.16882304681349464,-3.439577,,,17.5132587682,12.9790559151,1.62,0.1203,0.2682,0.4485
MXIM,MAXIM INTEGRATED PRO COM,Technology,Semiconductors,Semiconductor Devices,0.3303999999999999,17902528336.839996,0.008352533929192843,0.051049979000419986,0.04541925958069111,0.09950350104911099,3.179639,2.8601220871,21.1124587582,11.0877379359,8.2522313528,1.32,0.1392,0.4478,0.3109
EXAS,EXACT SCIENCES CORP COM,Health Care,Medical Equipment & Devices,Life Science Equipment,0.16419999999999965,14301200280.25,0.00837051192244109,-0.08736764025173868,-0.023692902575023118,-0.04165147874827645,-0.410307,,,5.6176854226,12.3940615939,1.89,-0.0017,-0.0023,0.7116
AXTA,AXALTA COATING SYSTEMS LTD,Materials,Chemicals,Specialty Chemicals,-0.5241999999999999,5350005917.4,0.008618038712504108,0.005396644636502287,0.008168119298355423,0.03893198090692124,1.776057,,12.8036429974,4.4123702112,1.2248781739,1.6,-0.1068,-0.3099,0.3447
SNAP,SNAP INC,Communications,Media,Internet Media,0.4372999999999999,32543231970.75,0.008796905801388553,-0.1580295844177577,-0.06929187723970238,-0.1485197057409673,-0.699752,,,14.7718136671,16.3315858036,1.79,-0.1822,-0.2796,0.6516
FLIR,FLIR SYS INC COM,Technology,Hardware,Other Hardware,-0.23200000000000004,5360611407.259999,0.008978498429171136,0.007585552300503634,0.004940047792656355,0.009048563282450808,1.76472,1.6597510548,23.2161482959,3.1334991782,2.9115816215,1.57,0.021,0.0645,0.3255
ULTA,ULTA BEAUTY INC COM,Consumer Discretionary,Retail - Discretionary,Other Spec Retail - Discr,-0.2167000000000002,11471258647.81,0.009117409820468159,-0.005703838187536758,-0.014195511441807515,-0.04476102349028682,7.590947,,26.8359147698,6.5402429008,1.7099569901,1.46,-0.0512,-0.1213,0.4221
CTXS,CITRIX SYS INC COM,Technology,Software,Infrastructure Software,0.4199,17590482263.559998,0.009331362406483216,0.017688931056451824,0.024824795508643808,-1.2063122355656166,5.696866,0.9825250727,25.011998789,,5.67824503,0.29,0.2112,0.7901,0.2672
UAA,UNDER ARMOUR INC CL A,Consumer Discretionary,Apparel & Textile Products,"Apparel, Footwear & Acc Design",-0.6830999999999995,4685873968.21,0.009558074035027881,-0.06814391984864121,-0.12189599127662104,-0.38039517991459065,-0.10573,,,3.1768315479,0.9869627445,1.19,-0.358,-0.6844,0.5231
MTN,VAIL RESORTS INC COM,Consumer Discretionary,Recreation Facilities & Svcs,Leisure Clubs & Facilities,-0.4014000000000002,7779702917.7,0.009579061155629898,0.03166447433823138,0.028838570098751296,0.09357157753977892,3.6907,,52.5374573649,5.4681340891,3.6670546143,1.19,0.098,0.3129,0.3133
CLX,CLOROX CO DEL COM,Consumer Staples,Consumer Products,Household Products,0.4037999999999998,28592014038.72,0.009590188034188034,0.00758076275939428,0.0411965811965812,0.34676258992805753,6.82,1.9556025622,33.2903215962,41.136063145,4.4909848278,0.25,0.1553,0.7278,0.2134
BKI,BLACK KNIGHT INC,Technology,Software,Application Software,0.23080000000000017,11491229086.560001,0.009821701627131934,0.05928551771585828,0.012277004508919819,0.026099187330693892,0.928115,,78.837211088,5.7153668002,9.1260856999,0.87,0.1535,0.5913,0.2596
BR,BROADRIDGE FINL SOLU COM,Technology,Technology Services,Payment & Data Processors,0.1109999999999996,15073238643.12,0.009968311794036839,0.010676934154732379,0.03394728808385062,0.1387110187110187,4.311246,1.6460906004,30.4505933503,12.50025768,3.4412552402,0.88,0.1826,0.7553,0.2417
CMG,CHIPOTLE MEXICAN GRI COM,Consumer Discretionary,"Gaming, Lodging & Restaurants",Restaurants,0.3006,31606590640,0.010424945099084213,0.00043891208422422467,0.0015223097992618055,0.004796139151983929,10.706156,,105.5710387338,18.543071332,5.5936722633,1.22,0.0151,0.0396,0.3812
NKTR,NEKTAR THERAPEUTICS COM,Health Care,Biotech & Pharma,Biotech,0.2598,4108005899.5599995,0.01156063271313124,-5.421076463725703,-0.07344063587002293,-0.10694864188160375,-2.411041,,,3.1664576508,29.672266084,1.99,-0.1024,-0.155,0.6608
TRIP,TRIPADVISOR INC,Communications,Media,Internet Based Services,-0.8748000000000006,2687861914.24,0.012308323032550474,-0.020702877697841727,-0.006592501030078286,-0.01557935735150925,0.55256,,36.2494583152,2.6151281236,1.8951118256,1.31,-0.3195,-0.6386,0.5003
MAS,MASCO CORP COM,Consumer Discretionary,Home & Office Products,Home Improvement,0.12910000000000008,14269165679.300001,0.012520495867768596,0.021203731815306767,0.10950413223140495,-3.212121212121212,2.533566,0.9981516108,21.3533014234,,2.0583701344,1.47,0.1273,0.4396,0.2896
DBX,DROPBOX INC CL A,Technology,Software,Infrastructure Software,0.49120000000000025,8822115014.300001,0.014678246789092112,0.018983296703296702,0.014462885952968017,0.04910044977511244,-0.018209,,,11.0221328985,5.118827464,0.9,-0.1914,-0.3932,0.4869
SBAC,SBA COMMUNICATIONS CORP CL A REIT,Financials,Real Estate,REIT,0.4350000000000002,33340121249.16,0.014793019970506976,-0.04752343506740906,-0.01357529492487955,0.029529473230155954,0.446489,0.6226358298,668.9526341652,,16.498827743,0.41,0.1627,0.5884,0.2765
ROL,ROLLINS INC COM,Consumer Discretionary,Commercial Services,Building Maintenance Services,0.389,15955719417.32,0.016858568461720402,0.018176228374198862,0.024424788552390404,0.0540599297075981,0.695167,0.6573541349,70.0263394338,19.9354043529,7.6862206708,0.42,0.187,0.7603,0.246
WORK,SLACK TECHNOLOGIES INC CL A,Technology,Software,Infrastructure Software,0.39249999999999985,16753114427.04,0.018033431670860835,-0.1849630547979172,-0.03484326530007153,-0.0894619271467722,-1.446413,,,20.2485468346,21.2935442418,,-0.3072,-0.4527,0.6786
MTD,METTLER TOLEDO INTER COM,Health Care,Medical Equipment & Devices,Life Science Equipment,0.176,20625502556.16,0.018845684702229554,0.023282478025515974,0.03399947327932136,0.32022180373828685,22.248324,,38.7768521666,67.3162656806,7.058130689,1.08,0.1674,0.6228,0.2688
CHWY,CHEWY INC COM CL A,Consumer Discretionary,Retail - Discretionary,E-Commerce Discretionary,0.46079999999999993,18455848900.32,0.019404843822466173,-0.001820903383695378,-0.042612890332562145,0.12072074344004939,-0.676438,,,,3.4349103049,,0.0626,0.1022,0.6124
DXCM,DEXCOM INC COM,Health Care,Medical Equipment & Devices,Medical Equipment,1.3622,38946448079,0.01942853057722946,0.012126388546038014,0.008129417051350136,0.021294810058855,1.770524,,238.2063163222,41.6559925094,24.1020156307,0.78,0.2131,0.4132,0.5158
LW,LAMB WESTON HOLDINGS INC,Consumer Staples,Consumer Products,Packaged Food,-0.23150000000000015,9899976556.470001,0.020210518723674343,0.012680251787047904,0.03213894178062432,0.41198224852071064,3.254076,1.357132345,20.8323348673,36.6122611099,2.5141269395,0.82,0.1895,0.5679,0.3336
MSCI,MSCI INC,Technology,Technology Services,Information Services,0.8270000000000002,32238681319.35,0.021914750732335685,0.08527352560103653,0.03786620938345758,-0.418041322943801,6.595171,0.7053027431,58.4746011736,,20.3982463575,0.94,0.3792,1.235,0.307
FDS,FACTSET RESH SYS INC COM,Technology,Technology Services,Information Services,0.2647,13219454910.6,0.02318544132710036,0.07232913551270706,0.05196680195409469,0.12764358263615477,10.077475,0.8852100718,34.5265061378,16.6331708122,9.009550006,0.79,0.1342,0.491,0.2732
WAT,WATERS CORP COM,Health Care,Medical Equipment & Devices,Life Science Equipment,-0.029000000000000005,13808731520.1,0.027953645915759804,0.02477787408670815,0.020086869842993745,-0.15846792446131505,8.510794,,26.2078958851,,6.1785338164,0.94,0.0762,0.2781,0.2741
OKTA,OKTA INC CL A,Technology,Software,Application Software,1.2282000000000002,25624640617.719997,0.027981936242732597,-0.172447623578823,-0.02830721740278752,-0.13958498750895676,-1.693492,,,62.0306047116,38.3321624927,1.06,0.7308,1.466,0.4985
YUM,YUM BRANDS INC COM,Consumer Discretionary,"Gaming, Lodging & Restaurants",Restaurants,-0.09289999999999982,28033833432.08,0.03107442892358258,0.005203246239113222,0.013640098603122432,-0.010086280228460323,3.013764,2.018466819,30.9048748972,,5.076390111,0.87,0.0574,0.2103,0.2732
CDK,CDK GLOBAL INC,Technology,Software,Application Software,-0.4589999999999998,5341134240.3,0.03223991500269833,0.021608173542514045,0.019427954668105773,-0.09272376046361883,3.028114,1.3651877676,14.5139848642,,2.6722738492,1.33,-0.0608,-0.221,0.2752
IDXX,IDEXX LABS INC COM,Health Care,Medical Equipment & Devices,Life Science Equipment,0.6472,30510470453.870003,0.0327994507606382,0.028505786031778467,0.05928551169121721,1.0349081486280152,5,,71.8460021973,283.3464494962,12.5608763458,0.8,0.347,1.1673,0.2973
W,WAYFAIR INC,Consumer Discretionary,Retail - Discretionary,E-Commerce Discretionary,0.9337000000000003,21083643647.95,0.03317035088414314,-0.005265351194366847,-0.10389722256245047,0.2440368413549245,-11.185315,,,,2.1767241779,3.36,0.13,0.188,0.6914
CVNA,CARVANA CO CL A,Consumer Discretionary,Retail - Discretionary,Automotive Retailers,0.4537999999999998,23623095846.950405,0.03971895545677107,-0.004965416639349637,-0.026744604589637993,-4.527975200363039,-3.344296,,,522.6760165338,1.7017256284,2.38,0.5815,0.7043,0.8256
VRSN,VERISIGN INC COM,Communications,Media,Internet Based Services,0.07899999999999997,23950438515.99,0.0541399331694619,0.15429134922780843,0.08377387060016725,-0.10888837154829885,6.370062,,32.7359449216,,19.5422823266,,0.1996,0.7325,0.2724
MTCH,MATCH GROUP INC,Communications,Media,Internet Based Services,0.3367999999999999,23399275997.160004,0.06554522378043356,0.05062150917483411,0.06484705162941383,0.06484705162941383,4.106575,,22.0037380567,2.6132120003,1.6005331053,1.21,0.3407,0.6899,0.4939
DPZ,DOMINOS PIZZA INC COM,Consumer Discretionary,"Gaming, Lodging & Restaurants",Restaurants,0.5815999999999999,15223830181.830002,0.17617064806712826,0.014019649508762281,0.07502617456792995,-0.03614724271727549,11.22537,0.8063890532,34.467461087,,4.0881578296,0.37,0.2405,0.7859,0.306
